Nefarious Destiny,Admin
Quentillionaire,Admin
Reddit: NobodyForever Discord: Admin yoyo,Admin
u/jojo6311,Admin
wb--,Admin
Anonboxis Anonboxis#7391,Admin + Mod
BookAnnelida,Ambassador
u/boingshi,Ambassador
Dawn Felstar,Ambassador for Starbound
Jolie_Coquine,Banner / Dark Green
GrimScape,"Banner control, minor historian"
black_swords_man,Big Nerd
aconjunction,Black
Chinhoyi,Black
cmw101098,Black
crunchbangboom,black
Dallas449,Black
Icerodent,Black
MarianoAlipi,Black
Nyxton,Black
TheSilentR,Black
u/get_there_get_set,Black
Wires77,Black
bangf00,"Black Placer, Acted as a diplomat and arranged a treaty with /r/croatia"
Coal_,Black Space
Cole~,Black Space
Jay_of_walker/Jay Walker,Black Space
rayquazarocker,Black Space
reddit: /u/dont_givemegold discord: SKRPY,black space
u/plethora_of_squids,Black space
3sk31v1 / Molochitis,Black Spaces
AdaptedRobot,Black Spaces
arceus21,Black Spaces
berkbulgan,Black Spaces
cykablayd,black spaces
DreamPhreak,Black Spaces
EmeraldAvenger,Black Spaces
Gaming_Reloaded,Black Spaces
GeoffreyY,black spaces
Ginnipe,Black Spaces
internetquickie,Black Spaces
Jumpingman,Black Spaces
MagicHack,Black spaces
Mondschweif (Reddit) / Ashadyr (Discord),Black Spaces
mruczek,Black Spaces
Verticallity1,Black Spaces
Fudgiedillol,"Black, Sign Master Gen2"
_2D_,Black/white 
HGCHN_,Blank
nepeat#6071,Blue Corner Ally
lustindarkness,"Clean Up Crew, white first, then black."
4LTO,Dark
/u/1210saad & 1210saad #1190,Dark Green
/u/EpicJerry12,Dark Green
/u/TheAmazingPencil,Dark Green
Becci,Dark Green
CaptainBazbotron,Dark Green
clueless01,Dark Green
Cosmerenaught,Dark Green
Cyan_O64,Dark Green
Dohrito,Dark Green
GheWafu / Gee,Dark Green
Hoju,Dark Green
ItsKipz,Dark Green
JunkyardSanta,Dark Green
maknight15,Dark Green
MarioZankovic,Dark Green
Montpelier/u/Spades54,Dark Green
orodruinx,Dark Green
PhenomenalDev,Dark Green
"Reddit: ICTman1076, Dicord: ICTman",Dark Green
Saikeon,Dark Green
SheepeyDarkness,Dark Green
StormRater,Dark Green
tbodt,Dark Green
TechyMitch1,Dark Green
toastybacon,Dark Green
TriipleOG,Dark Green
u/AlphaVolt @Plotu9236,Dark Green
Vorgud,Dark Green
Aietra,Dark Green & diplomat with r/Esperanto
ulsar pulsar,Dark green and Black
AnotherGangsta33,"Dark Green, baby!"
Old_and_Moist // Jake,"Dark Green, Banner Builder, Representative, OFFICIAL. "
MrStudentDude,Dark Green/Cleanup Crew
(reddit:/u/doowaw) (discord:! OSX !#3393),Dark Greens
mitkoasd,dark greens
Gammaxana,Dark greens/Ambassador
Reddit: Xantrax / Discord: Tauxcinity,Diplomat
REDDIT: LegoGod663 DISCORD: DJ ToKyO,Diplomat for r/daftpunk
FrenchBread147,Enlisted
Tyger_W,Filling the Black Spaces 
ladypeacharino,free agent
MaccyF,General Cleanup 
333Rich333,Helped the Lattice (unoificial ambassador for Skyrim)
Squam,Historian
TheGeon,I didn't get a rank.
Reddit: /u/Beauner_ Discord: Beau#4857,"I never enlisted on Discord, but in it I was a Light Green."
lillod,I preserved the banner
MoosikFreak,idk
/u/Sparasite,Light Green
1bleder,Light Green
Admiral Hipster,Light green
Anaud-E-Moose,Light Green
caseyalec,Light Green
cyanfootedferret,light green
Damaged Engine/George Cluwney,Light Green
DamonFibers/Damon,Light Green
Day,Light Green
EdgeC,Light Green
Ethmicram,Light green
Fireblade96,Light Green
Flofin,Light Green
Greeniac916,Light Green
Hallucifier,Light Green
I-Am-Gaben-AMA,Light Green
Imthi,Light Green
JugarAlTenis,Light Green
JungleRammus,Light Green
King-Pie,Light Green
molpcs,Light Green
Pandametal,Light Green
Photat,Light Green
QuakeShot,Light Green
realtmahofficial,Light green
Rule322,Light green
Ryan_O_H,Light Green
Skavenger,Light Green
SlightlyWelsh,Light Green
Sporial,Light Green
StabbyMcTacoTimaco,Light Green
tommybahommy,Light Green
u/EpicLapras,Light Green
u/-Zanderstorm-/Zanderstorm,Light Green
Whyagain,Light Green
yangt/ty,light green
yomomma56,Light Green
Zapman,Light Green
TheMysticalBard,Light Green (SignMasters Vet and SignMasters Gen2)
RytonRotMG,"Light Green Placer, but I was also Cleanup Crew and Admin on one of the Congress Discords"
"Morsse, u/KingOfD3rp","Light Green, First Sign Master"
lifeofchrome,"Light Green, Old sign masters"
varien-,"Light Green, Sign V2, Contributor"
Fennexin/Fennex the Fox,Light Green/Ambassador
mattebad,Light Green/Ambassador to /r/UWaterloo
stridurr,Light Greens
Tollpatsch,Light Greens
Jsh#3741,"Light Greens, SignMasters Gen2"
Nequissime,Lurker
Herpalicious,Master General First Class
nikk_s,Member
"/u/druman22, drumman22#6932",n/a
vogon101,N/A
GreenTeaSoda,"No Rank, just helped defend where I could o7"
dewyocelot,No role
Cr4nB3rry,None
FinnZoggt,none
MrShadow541,none
Polyterative,None
snow_lark,none
u/LegionMammal978; @LegionMammal978#6323,"None in particular, cleaned in general"
ineternet (#9854),"None, but I still helped in some of my free time."
/u/ImNotHimBut,None; Just a freelancer.
Karasu,Official
Mr.Gone,Official
Dunder,Official Document Guy 
DemIce,r/Stargate Ambassador
RandomRDP,Repairs
/u/Etaleanic (Skyborg on discord),SB Ambassador
D-anny,Sign builder vet
CodeTriangle/The Gap Mopper,Sign Masters Gen2
JonCorleone,SignMaster Gen2
/u/PurpleDotExe (Purple.exe üçá),Signmaster Vet + Guardian of Grapu
Gusling,"Signmaster Vet, Signmaster Gen2, White Space"
blinnlambert,SignMasters Gen2
eazyd,SignMasters Gen2
R31ay,SignMasters Gen2
akvgergo,Super green
caZCircles,Unnassigned (Did whatever was needed)
ConConCo,Unofficial Dark Green 
grisha5,Unranked
lider1179,unranked
/u/kevpo (kevpo#7400),what
Pleasehelpimtrappedi,White
The_BananaKing,White
rozallin,White (Black)
lamphobic,White Spaces
Mr. Fungus,White Spaces
brodhi,White Squares
BananaSplit_Pancakes (Reddit) Kaiser| L U F T (Discord),"White, Black"
RogerDurder,"White, then Black"
Bizzarofestus,White/Black
Mergan,White/Black/Admin
